stat_id,player_id,sezon,meciuri_jucate,meciuri_titular,minute_jucate,goluri,pase_decisive,suturi,precizie_pase_pct,tackle_uri,dueluri_castigate,distanta_totala_km,sprinturi_totale,cartonase_galbene,cartonase_rosii,indice_incarcare
S0001,P001,2019-20,18,13,1386,16,17,150,83.7,58,123,215.3,828,0,1,40.5
S0002,P001,2020-21,38,34,2698,6,10,64,75.0,43,57,401.1,2166,7,0,78.9
S0003,P001,2021-22,17,15,1326,20,6,46,82.4,49,41,202.7,1496,3,0,38.8
S0004,P001,2022-23,28,22,2268,15,4,61,78.1,39,73,330.9,2520,7,1,66.3
S0005,P001,2023-24,28,24,2380,18,7,64,76.7,18,114,317.5,1204,11,1,69.6
S0006,P002,2019-20,16,13,848,37,14,185,70.5,21,60,170.1,544,9,0,24.8
S0007,P002,2020-21,36,27,2340,20,10,60,77.9,18,134,358.5,2268,5,1,68.4
S0008,P002,2021-22,21,14,1470,30,3,126,75.3,29,59,179.0,1449,9,0,43.0
S0009,P002,2022-23,17,11,1428,21,3,139,82.1,12,97,156.6,986,8,2,41.8
S0010,P002,2023-24,24,23,2136,38,1,126,82.9,8,67,219.9,864,11,2,62.5
S0011,P003,2019-20,19,13,1273,18,12,137,71.3,25,83,185.5,874,0,0,37.2
S0012,P003,2020-21,35,32,2695,7,1,135,80.3,25,83,311.6,2030,8,2,78.8
S0013,P003,2021-22,28,16,2380,9,12,88,76.7,16,124,276.7,1596,2,0,69.6
S0014,P003,2022-23,24,23,1752,7,6,103,78.9,26,63,225.2,1560,6,2,51.2
S0015,P003,2023-24,38,36,2242,20,14,91,83.6,30,72,406.7,1178,2,2,65.6
S0016,P004,2019-20,25,23,1900,20,5,90,80.6,8,98,267.0,1500,3,0,55.6
S0017,P004,2020-21,29,20,2088,19,4,56,78.6,17,92,266.7,986,12,1,61.1
S0018,P004,2021-22,26,19,2132,26,1,79,82.0,13,72,258.7,1196,0,0,62.3
S0019,P004,2022-23,34,25,2618,25,7,180,69.9,23,74,310.7,1938,0,2,76.5
S0020,P004,2023-24,32,23,1984,9,11,134,78.0,26,65,329.6,1568,8,1,58.0
S0021,P005,2019-20,36,26,2736,11,4,55,81.7,103,165,461.6,1476,9,2,80.0
S0022,P005,2020-21,24,19,1800,0,4,38,82.7,124,157,287.1,1416,7,1,52.6
S0023,P005,2021-22,36,28,2268,12,14,70,89.6,134,90,390.6,2520,9,1,66.3
S0024,P005,2022-23,17,14,1105,3,12,32,81.9,55,111,220.2,1173,12,0,32.3
S0025,P005,2023-24,29,27,2204,9,3,65,89.1,113,131,311.2,870,12,0,64.4
S0026,P006,2019-20,28,18,1792,25,19,99,72.8,30,55,298.0,1932,10,2,52.4
S0027,P006,2020-21,32,23,2816,27,17,118,85.0,47,94,370.4,2400,7,0,82.3
S0028,P006,2021-22,38,29,3040,27,10,147,82.2,48,102,420.5,2166,7,0,88.9
S0029,P006,2022-23,37,25,2516,13,13,154,80.6,23,59,372.9,3108,2,2,73.6
S0030,P006,2023-24,21,16,1134,13,20,99,78.7,28,93,219.9,1869,9,2,33.2
S0031,P007,2019-20,15,11,1290,0,5,39,89.8,103,148,183.6,960,12,2,37.7
S0032,P007,2020-21,22,15,1782,6,7,21,85.1,135,166,272.7,880,7,0,52.1
S0033,P007,2021-22,34,20,2856,6,9,56,88.6,60,162,383.7,2006,2,0,83.5
S0034,P007,2022-23,23,16,1702,7,5,41,89.9,98,115,281.9,1288,4,0,49.8
S0035,P007,2023-24,30,26,1530,0,5,34,88.5,133,85,367.9,1350,3,0,44.7
S0036,P008,2019-20,34,23,2006,7,10,27,87.3,77,139,411.3,1802,2,2,58.7
S0037,P008,2020-21,34,30,1938,2,4,26,87.5,89,153,409.1,1836,6,2,56.7
S0038,P008,2021-22,21,17,1134,13,10,35,81.3,88,188,253.1,777,12,2,33.2
S0039,P008,2022-23,16,13,1152,10,5,24,86.6,93,81,200.8,976,1,1,33.7
S0040,P008,2023-24,26,24,2340,7,11,29,85.7,116,163,281.1,1664,12,1,68.4
S0041,P009,2019-20,29,26,2233,21,11,81,85.6,20,75,339.4,1595,12,1,65.3
S0042,P009,2020-21,33,28,2937,13,3,103,85.6,26,102,331.0,1848,5,1,85.9
S0043,P009,2021-22,34,27,2278,19,9,50,75.9,41,102,370.2,1870,11,1,66.6
S0044,P009,2022-23,35,27,2835,3,5,77,75.5,59,71,359.3,2695,5,1,82.9
S0045,P009,2023-24,32,23,2656,26,20,82,77.6,44,74,328.5,1728,1,2,77.7
S0046,P010,2019-20,21,13,1470,20,8,64,75.5,45,75,237.5,1848,8,2,43.0
S0047,P010,2020-21,24,22,1344,12,10,86,74.9,15,130,260.0,1368,0,0,39.3
S0048,P010,2021-22,32,28,2176,7,18,53,86.0,51,76,341.6,2176,5,0,63.6
S0049,P010,2022-23,16,15,1056,18,6,145,73.0,46,49,175.1,1328,0,0,30.9
S0050,P010,2023-24,19,18,1634,5,10,55,80.9,41,117,208.8,1501,3,2,47.8
S0051,P011,2022-23,27,26,2106,12,21,94,76.9,54,47,297.7,2349,1,0,61.6
S0052,P011,2023-24,35,24,2205,5,8,70,74.8,19,60,332.7,2380,11,2,64.5
S0053,P012,2019-20,30,18,2040,12,12,129,85.8,19,127,302.5,1680,12,2,59.6
S0054,P012,2020-21,33,25,2046,20,10,122,74.4,32,58,319.4,1650,12,1,59.8
S0055,P012,2021-22,34,32,2924,17,6,99,83.0,59,91,403.1,2448,8,1,85.5
S0056,P012,2022-23,29,24,1595,16,13,117,76.0,20,69,345.2,2204,9,0,46.6
S0057,P012,2023-24,36,29,2412,27,8,100,80.3,43,75,358.3,2772,6,2,70.5
S0058,P013,2019-20,30,23,1650,6,5,40,88.7,70,122,337.0,1830,4,2,48.2
S0059,P013,2020-21,27,16,2295,1,5,36,84.2,101,190,311.7,810,10,2,67.1
S0060,P013,2021-22,29,18,2204,8,5,59,89.8,130,136,356.1,1247,4,2,64.4
S0061,P013,2022-23,19,14,1292,11,7,27,80.4,130,157,235.6,760,4,2,37.8
S0062,P013,2023-24,15,11,1275,3,13,78,81.5,65,162,187.4,915,11,1,37.3
S0063,P014,2019-20,31,23,2077,18,18,71,79.3,24,89,309.3,2418,8,2,60.7
S0064,P014,2020-21,19,13,1026,28,16,83,86.9,47,74,219.5,1102,11,1,30.0
S0065,P014,2021-22,33,32,2871,18,7,97,80.6,37,82,359.0,2442,6,1,83.9
S0066,P014,2022-23,25,24,1550,10,21,89,75.7,41,45,257.4,1750,11,1,45.3
S0067,P014,2023-24,27,21,1593,4,7,104,87.4,36,52,315.5,1836,1,2,46.6
S0068,P015,2019-20,29,25,1450,6,13,61,92.6,59,140,358.0,1334,5,2,42.4
S0069,P015,2020-21,37,31,2775,13,5,74,88.8,118,128,475.9,2590,11,1,81.1
S0070,P015,2021-22,32,27,1664,3,10,63,92.0,79,175,328.7,1152,12,2,48.7
S0071,P015,2022-23,37,28,2072,11,4,77,80.4,91,181,376.2,1924,5,1,60.6
S0072,P015,2023-24,19,15,1235,9,10,70,82.3,72,90,224.7,1026,9,2,36.1
S0073,P016,2019-20,22,21,1782,2,3,49,88.3,108,112,264.0,1298,4,2,52.1
S0074,P016,2020-21,32,20,1920,5,9,39,88.3,104,168,344.0,1568,3,1,56.1
S0075,P016,2021-22,30,20,1680,9,5,56,83.8,139,117,302.0,1650,4,0,49.1
S0076,P016,2022-23,33,31,1749,11,7,73,91.8,86,179,409.1,2244,12,1,51.1
S0077,P016,2023-24,22,14,1980,4,10,68,89.4,134,167,275.3,1540,1,2,57.9
S0078,P017,2019-20,35,25,1820,33,1,143,79.7,7,87,326.1,1960,2,0,53.2
S0079,P017,2020-21,19,18,1596,28,9,178,82.6,10,82,204.9,1140,12,1,46.7
S0080,P017,2021-22,38,35,2698,34,2,86,80.1,12,136,391.8,2090,12,2,78.9
S0081,P017,2022-23,26,23,1430,5,5,187,70.0,16,136,269.7,1196,9,1,41.8
S0082,P017,2023-24,35,22,2555,19,8,56,77.9,22,91,377.6,1540,10,0,74.7
S0083,P018,2019-20,35,33,2765,12,16,54,74.2,17,78,419.6,1645,1,0,80.8
S0084,P018,2020-21,32,24,1856,14,20,93,81.4,24,93,356.4,2272,9,1,54.3
S0085,P018,2021-22,23,20,1196,9,17,96,87.2,38,52,274.9,1449,8,2,35.0
S0086,P018,2022-23,26,19,1378,9,6,148,85.2,20,124,260.8,2080,9,0,40.3
S0087,P018,2023-24,16,11,1136,7,21,66,73.1,50,66,175.5,864,5,0,33.2
S0088,P019,2019-20,34,24,1700,7,7,109,76.0,26,54,379.2,1394,2,0,49.7
S0089,P019,2020-21,26,21,1690,3,8,73,72.8,41,107,254.4,1144,7,1,49.4
S0090,P019,2021-22,26,21,2132,17,19,68,87.1,17,124,280.9,1794,10,0,62.3
S0091,P019,2022-23,16,15,1280,16,6,102,83.4,43,49,188.0,960,9,0,37.4
S0092,P019,2023-24,17,12,986,23,21,110,83.4,39,116,184.0,1173,8,2,28.8
S0093,P020,2019-20,28,25,1568,0,3,18,82.7,69,112,275.7,1512,6,1,45.8
S0094,P020,2020-21,38,27,2128,2,4,16,91.2,100,68,350.7,1140,1,1,62.2
S0095,P020,2021-22,18,16,1314,4,0,23,91.3,111,102,192.2,918,5,2,38.4
S0096,P020,2022-23,28,27,1484,4,4,16,76.8,104,87,262.8,1540,3,0,43.4
S0097,P020,2023-24,26,19,2210,2,3,30,82.3,111,158,287.2,1560,0,2,64.6
S0098,P021,2019-20,36,22,2412,2,4,15,81.0,63,171,336.9,1800,1,0,70.5
S0099,P021,2020-21,38,37,3420,0,3,17,82.1,83,80,377.2,1710,12,2,100.0
S0100,P021,2021-22,34,32,1870,1,2,29,85.5,50,94,343.7,1768,7,2,54.7
S0101,P021,2022-23,29,20,2204,4,1,16,82.3,76,146,310.2,1624,8,2,64.4
S0102,P021,2023-24,24,16,1248,4,0,5,78.5,67,158,224.2,984,4,1,36.5
S0103,P022,2019-20,18,14,900,3,2,9,81.5,69,124,187.1,846,1,1,26.3
S0104,P022,2020-21,38,29,1976,3,1,15,84.8,113,111,409.4,1938,4,0,57.8
S0105,P022,2021-22,27,26,1377,1,7,27,90.6,51,115,300.0,1080,6,2,40.3
S0106,P022,2022-23,27,17,2241,2,5,12,80.7,61,69,277.5,864,8,2,65.5
S0107,P022,2023-24,21,15,1512,5,2,12,76.7,72,85,198.1,714,12,2,44.2
S0108,P023,2019-20,17,16,1037,5,7,19,87.8,114,117,181.9,765,10,1,30.3
S0109,P023,2020-21,19,11,1482,3,4,30,79.7,47,105,195.1,836,7,1,43.3
S0110,P023,2021-22,16,11,848,2,1,25,89.7,51,138,167.8,784,7,2,24.8
S0111,P023,2022-23,32,24,1664,4,3,15,85.3,104,79,364.6,1696,1,1,48.7
S0112,P023,2023-24,37,29,2035,1,0,12,87.0,96,127,381.4,1295,5,1,59.5
S0113,P024,2019-20,24,18,1776,0,0,0,66.8,0,58,98.5,360,1,1,51.9
S0114,P024,2020-21,18,15,1530,0,0,0,65.7,0,58,103.4,270,1,2,44.7
S0115,P024,2021-22,36,34,2124,0,0,0,66.2,0,45,153.3,252,4,2,62.1
S0116,P024,2022-23,27,24,1917,0,0,0,73.4,0,53,113.0,486,8,1,56.1
S0117,P024,2023-24,15,10,1095,0,0,0,79.0,0,41,88.4,300,3,0,32.0
S0118,P025,2019-20,19,11,1121,0,0,0,76.9,0,26,95.3,114,10,1,32.8
S0119,P025,2020-21,34,28,1972,0,0,0,63.1,0,31,192.5,340,11,1,57.7
S0120,P025,2021-22,16,11,1216,0,0,0,74.4,0,48,83.5,304,3,2,35.6
S0121,P025,2022-23,22,21,1518,0,0,0,75.7,0,32,104.2,418,7,1,44.4
S0122,P025,2023-24,27,21,2214,0,0,0,79.3,0,32,151.3,243,4,0,64.7
S0123,P026,2019-20,35,33,2800,0,0,0,71.1,0,26,189.8,280,4,0,81.9
S0124,P026,2020-21,20,15,1340,0,0,0,70.3,0,47,83.7,240,7,1,39.2
S0125,P026,2021-22,15,9,1140,0,0,0,70.0,0,35,71.6,105,5,0,33.3
S0126,P026,2022-23,15,14,1050,0,0,0,76.8,0,41,83.7,135,0,1,30.7
S0127,P026,2023-24,30,27,1740,0,0,0,69.4,0,59,120.3,210,0,1,50.9
S0128,P027,2019-20,21,17,1239,0,0,0,74.5,0,53,101.8,294,3,1,36.2
S0129,P027,2020-21,18,12,954,0,0,0,72.8,0,59,88.5,144,7,2,27.9
S0130,P027,2021-22,32,27,1632,0,0,0,71.5,0,29,146.6,160,9,1,47.7
S0131,P027,2022-23,22,16,1892,0,0,0,73.3,0,25,111.0,352,1,2,55.3
S0132,P027,2023-24,32,29,2624,0,0,0,70.2,0,21,153.0,640,0,2,76.7
S0133,P028,2019-20,27,18,1971,3,14,140,73.1,30,124,298.9,2403,9,2,57.6
S0134,P028,2020-21,25,15,1450,20,13,144,82.3,58,99,298.8,1750,10,0,42.4
S0135,P028,2021-22,19,16,1026,17,4,77,75.2,27,45,195.5,1121,8,1,30.0
S0136,P028,2022-23,32,22,2560,27,9,76,77.7,18,123,330.6,1504,12,1,74.9
S0137,P028,2023-24,28,25,2100,15,13,63,79.9,46,87,330.7,2044,4,0,61.4
S0138,P029,2019-20,38,23,2926,16,9,125,73.1,7,91,385.8,1862,7,2,85.6
S0139,P029,2020-21,37,24,2849,33,6,164,68.7,16,128,406.8,1739,10,0,83.3
S0140,P029,2021-22,17,12,1530,37,13,90,83.2,9,127,173.3,986,0,0,44.7
S0141,P029,2022-23,17,15,1105,28,6,148,83.2,6,127,151.0,986,5,1,32.3
S0142,P029,2023-24,29,24,1566,38,6,151,73.0,13,81,316.1,899,11,0,45.8
S0143,P030,2019-20,30,22,2490,12,5,116,79.3,11,128,276.4,1830,3,0,72.8
S0144,P030,2020-21,19,14,1026,33,2,131,78.7,27,58,187.6,912,4,0,30.0
S0145,P030,2021-22,37,24,3330,28,9,107,69.9,11,67,336.4,2257,0,1,97.4
S0146,P030,2022-23,32,23,2752,13,10,72,69.1,17,141,329.5,2016,6,1,80.5
S0147,P030,2023-24,33,21,1782,25,11,68,75.2,26,116,308.9,2145,10,2,52.1
S0148,P031,2019-20,20,15,1160,4,6,106,74.4,25,60,206.1,1700,3,1,33.9
S0149,P031,2020-21,31,29,2108,11,9,121,87.3,32,56,342.9,2449,8,0,61.6
S0150,P031,2021-22,31,25,1860,21,7,61,82.5,53,83,359.8,2356,0,0,54.4
S0151,P031,2022-23,17,16,884,27,21,73,82.4,51,93,187.8,697,7,2,25.8
S0152,P031,2023-24,32,27,2176,12,18,71,84.9,58,91,327.8,1408,11,0,63.6
S0153,P032,2019-20,20,15,1560,7,3,41,87.9,90,190,243.1,1040,6,0,45.6
S0154,P032,2020-21,26,21,2132,5,3,49,81.6,107,111,271.0,858,4,1,62.3
S0155,P032,2021-22,34,23,2584,13,14,30,90.6,123,172,371.9,1360,7,2,75.6
S0156,P032,2022-23,29,27,2349,7,0,25,92.3,114,138,374.1,1247,9,1,68.7
S0157,P032,2023-24,16,11,848,9,14,73,88.5,110,116,185.8,576,6,0,24.8
S0158,P033,2019-20,23,20,1679,14,4,91,72.8,50,64,239.3,1334,1,1,49.1
S0159,P033,2020-21,31,28,2418,11,22,127,81.8,23,52,325.0,2790,5,2,70.7
S0160,P033,2021-22,26,17,1534,19,15,104,72.6,17,57,293.4,1820,8,1,44.9
S0161,P033,2022-23,19,18,1672,7,13,159,81.8,25,90,227.6,1653,4,2,48.9
S0162,P033,2023-24,25,23,2050,20,18,130,81.0,45,42,260.5,2075,1,1,59.9
S0163,P034,2019-20,33,30,2277,26,3,116,79.6,56,114,361.2,2838,0,2,66.6
S0164,P034,2020-21,30,24,1800,26,22,139,85.5,24,127,303.2,2280,11,0,52.6
S0165,P034,2021-22,21,16,1071,16,7,92,83.0,41,104,240.2,1470,11,2,31.3
S0166,P034,2022-23,16,12,928,20,13,124,79.7,39,80,190.3,1104,8,1,27.1
S0167,P034,2023-24,32,27,2304,26,11,118,79.7,30,75,348.6,1728,4,1,67.4
S0168,P035,2019-20,37,32,2331,7,5,50,84.5,85,116,383.5,2368,6,1,68.2
S0169,P035,2020-21,26,18,1534,4,11,25,84.5,106,163,280.0,1560,3,0,44.9
S0170,P035,2021-22,32,31,2144,11,4,28,81.4,125,110,343.3,2016,3,2,62.7
S0171,P035,2022-23,22,14,1166,5,11,50,81.3,67,80,283.7,880,6,2,34.1
S0172,P035,2023-24,30,25,2400,12,4,40,83.7,57,196,369.2,1980,3,2,70.2
S0173,P036,2019-20,38,36,1976,8,16,152,85.4,17,90,435.9,1938,11,1,57.8
S0174,P036,2020-21,16,11,800,22,6,158,87.7,33,98,191.6,1184,8,1,23.4
S0175,P036,2021-22,19,14,1558,9,6,82,74.6,44,122,192.7,969,0,2,45.6
S0176,P036,2022-23,25,20,1700,27,9,62,81.8,55,91,289.2,1800,5,0,49.7
S0177,P036,2023-24,27,18,1512,7,18,81,87.0,15,73,282.4,1836,12,1,44.2
S0178,P037,2019-20,25,20,1725,21,3,73,82.5,59,70,241.4,1175,7,1,50.4
S0179,P037,2020-21,20,17,1500,25,12,128,73.9,33,87,220.7,1080,2,1,43.9
S0180,P037,2021-22,19,17,1501,22,14,93,83.2,45,108,218.6,1007,12,0,43.9
S0181,P037,2022-23,36,34,3168,5,19,97,80.5,38,49,424.6,1692,0,2,92.6
S0182,P037,2023-24,31,25,1922,7,8,81,85.7,43,54,347.2,2635,9,1,56.2
S0183,P038,2019-20,17,13,1394,0,7,9,83.7,98,132,155.5,918,10,1,40.8
S0184,P038,2020-21,38,28,1938,0,3,23,76.2,94,104,408.5,2242,0,0,56.7
S0185,P038,2021-22,30,21,1560,1,2,29,85.9,93,107,344.5,1470,7,1,45.6
S0186,P038,2022-23,27,23,1485,5,2,25,89.6,55,82,310.0,1350,8,0,43.4
S0187,P038,2023-24,38,35,2432,0,4,19,86.4,109,114,392.5,1482,3,1,71.1
S0188,P039,2019-20,26,18,1534,5,1,6,88.8,93,138,283.8,676,3,0,44.9
S0189,P039,2020-21,17,14,952,3,0,12,87.6,91,116,163.0,646,12,0,27.8
S0190,P039,2021-22,19,18,1558,1,5,23,85.2,81,90,185.3,646,10,2,45.6
S0191,P039,2022-23,22,15,1672,0,2,25,86.5,111,123,200.6,1034,10,2,48.9
S0192,P039,2023-24,27,19,2241,3,6,9,80.1,63,156,279.3,1080,3,1,65.5
S0193,P040,2019-20,37,34,2183,4,20,92,87.5,50,107,363.9,2035,4,0,63.8
S0194,P040,2020-21,25,24,1375,14,5,108,83.6,27,46,254.3,2075,9,2,40.2
S0195,P040,2021-22,16,10,864,27,21,132,82.7,28,101,160.4,976,4,0,25.3
S0196,P040,2022-23,21,20,1302,6,18,157,75.9,53,130,210.2,1155,8,1,38.1
S0197,P040,2023-24,24,18,1776,23,14,79,76.2,47,103,256.0,2064,7,1,51.9
S0198,P041,2019-20,21,15,1533,7,10,106,79.9,5,83,207.5,1407,9,2,44.8
S0199,P041,2020-21,28,18,1904,26,4,147,77.1,12,113,276.5,1428,4,1,55.7
S0200,P041,2021-22,38,29,3078,27,3,85,79.5,20,73,410.1,2432,10,0,90.0
S0201,P041,2022-23,31,29,1612,9,14,62,80.2,18,67,328.8,1364,1,2,47.1
S0202,P041,2023-24,19,13,950,34,6,65,77.9,26,128,204.9,1159,0,0,27.8
S0203,P042,2019-20,32,24,2720,3,19,132,76.4,33,42,344.2,2688,10,1,79.5
S0204,P042,2020-21,20,19,1120,19,7,70,75.1,48,72,230.8,1140,12,1,32.7
S0205,P042,2021-22,17,16,1241,17,21,71,87.8,29,78,190.6,765,10,2,36.3
S0206,P042,2022-23,16,12,880,15,20,100,72.9,15,129,158.9,1136,6,2,25.7
S0207,P042,2023-24,25,24,2150,6,19,157,72.7,28,128,293.0,1750,4,0,62.9
S0208,P043,2019-20,17,16,1139,4,0,10,90.8,80,62,193.9,578,12,2,33.3
S0209,P043,2020-21,27,19,1458,4,3,23,89.2,89,146,303.5,1242,6,2,42.6
S0210,P043,2021-22,19,15,1045,2,0,8,82.4,49,103,199.7,950,12,1,30.6
S0211,P043,2022-23,15,10,1350,3,7,12,81.0,88,115,142.0,735,1,2,39.5
S0212,P043,2023-24,24,21,1560,0,4,9,81.5,59,154,239.4,1152,1,0,45.6
S0213,P044,2019-20,15,11,1035,2,1,9,76.5,95,117,155.9,855,6,0,30.3
S0214,P044,2020-21,15,11,825,0,5,17,75.2,92,109,164.2,900,3,2,24.1
S0215,P044,2021-22,31,27,1860,1,2,13,80.1,103,78,283.9,1612,4,1,54.4
S0216,P044,2022-23,24,21,1920,2,4,12,87.3,103,136,253.0,1296,1,0,56.1
S0217,P044,2023-24,24,23,1200,2,6,30,89.7,96,102,241.8,792,4,1,35.1
S0218,P045,2019-20,34,26,2108,8,15,80,76.7,59,121,364.7,2584,12,0,61.6
S0219,P045,2020-21,25,17,1850,28,15,86,73.8,51,65,274.5,1850,2,2,54.1
S0220,P045,2021-22,32,31,1632,17,9,96,84.8,59,48,369.5,2880,12,1,47.7
S0221,P045,2022-23,36,23,2916,12,10,72,82.5,60,94,413.0,1584,7,2,85.3
S0222,P045,2023-24,30,22,2610,19,16,109,72.6,38,129,352.2,2220,9,2,76.3
S0223,P046,2019-20,17,15,952,10,10,42,82.2,128,85,198.7,935,12,1,27.8
S0224,P046,2020-21,28,16,1568,4,3,52,89.7,121,154,337.8,1232,7,1,45.8
S0225,P046,2021-22,27,24,2133,9,11,52,82.0,53,141,278.5,1512,1,0,62.4
S0226,P046,2022-23,38,28,2242,5,7,70,82.7,111,124,434.3,2204,11,2,65.6
S0227,P046,2023-24,29,18,2030,0,12,65,81.5,93,162,299.5,1160,11,0,59.4
S0228,P047,2019-20,31,25,1891,13,20,94,87.3,29,91,343.3,1581,10,2,55.3
S0229,P047,2020-21,28,17,2100,22,9,97,81.5,39,40,315.3,1484,4,2,61.4
S0230,P047,2021-22,17,10,1462,20,8,86,77.2,44,54,172.7,1207,8,2,42.7
S0231,P047,2022-23,25,18,2200,15,21,54,77.6,44,119,248.3,2075,11,1,64.3
S0232,P047,2023-24,34,21,2958,7,13,55,75.8,22,63,354.7,1666,8,1,86.5
S0233,P048,2019-20,28,18,2464,29,7,97,75.8,22,138,302.3,1148,8,0,72.0
S0234,P048,2020-21,30,19,2040,25,14,165,77.9,16,51,291.3,1260,6,2,59.6
S0235,P048,2021-22,31,23,2511,36,7,163,75.8,7,122,265.9,1364,4,0,73.4
S0236,P048,2022-23,23,18,1472,15,13,167,77.1,29,148,224.0,1426,1,2,43.0
S0237,P048,2023-24,18,16,1206,28,9,60,80.2,19,119,162.8,1026,1,2,35.3
S0238,P049,2019-20,35,25,2275,0,7,13,80.9,51,116,390.7,1120,12,0,66.5
S0239,P049,2020-21,21,18,1827,5,6,10,85.5,66,164,199.9,588,9,1,53.4
S0240,P049,2021-22,32,26,2144,1,5,27,80.0,113,94,364.2,1824,10,0,62.7
S0241,P049,2022-23,19,18,1444,2,2,27,89.7,71,78,204.8,760,12,2,42.2
S0242,P049,2023-24,27,17,2187,5,4,25,82.0,97,69,285.8,810,6,2,63.9
S0243,P050,2019-20,38,33,2546,14,5,49,92.4,91,154,380.3,1330,11,1,74.4
S0244,P050,2020-21,35,32,2520,12,8,45,82.8,104,185,372.2,1645,5,1,73.7
S0245,P050,2021-22,25,20,2125,9,13,51,90.2,137,177,253.6,900,10,1,62.1
S0246,P050,2022-23,15,14,855,2,7,49,80.0,104,105,194.8,570,10,1,25.0
S0247,P050,2023-24,20,12,1340,5,4,25,84.8,133,101,203.1,1400,4,2,39.2
S0248,P051,2019-20,37,28,2368,10,12,74,68.0,20,59,326.8,1628,8,2,69.2
S0249,P051,2020-21,29,17,1450,26,14,80,83.8,18,138,256.1,986,3,1,42.4
S0250,P051,2021-22,17,10,952,28,5,85,74.1,29,67,171.8,663,1,2,27.8
S0251,P051,2022-23,33,27,1650,15,8,139,79.6,25,145,293.0,1848,9,2,48.2
S0252,P051,2023-24,29,18,1827,11,3,81,77.4,17,94,316.3,1450,12,0,53.4
S0253,P052,2019-20,22,18,1474,10,20,116,81.6,53,76,251.8,1848,0,2,43.1
S0254,P052,2020-21,24,19,1512,19,9,135,78.3,56,46,275.0,2160,3,1,44.2
S0255,P052,2021-22,27,18,1539,23,22,49,80.5,15,86,319.5,1296,6,2,45.0
S0256,P052,2022-23,28,22,2044,8,18,138,73.2,52,48,267.0,1484,0,0,59.8
S0257,P052,2023-24,27,19,2214,25,19,138,78.6,59,91,262.1,1998,8,2,64.7
S0258,P053,2019-20,19,12,1273,1,8,78,82.6,69,148,208.6,1273,10,2,37.2
S0259,P053,2020-21,36,26,1944,6,11,74,83.1,81,91,459.9,1332,7,2,56.8
S0260,P053,2021-22,34,24,1802,11,10,67,82.3,51,170,354.0,1020,2,1,52.7
S0261,P053,2022-23,26,20,2158,13,11,36,82.2,66,175,320.9,1222,11,0,63.1
S0262,P053,2023-24,15,13,1065,4,8,24,83.4,123,160,153.5,885,8,1,31.1
S0263,P054,2019-20,16,15,1296,8,14,60,76.1,21,113,179.0,752,3,2,37.9
S0264,P054,2020-21,31,19,1550,3,10,45,79.5,39,59,308.4,1302,8,2,45.3
S0265,P054,2021-22,38,26,2888,10,16,157,83.5,32,49,415.3,1786,8,2,84.4
S0266,P054,2022-23,16,11,976,19,4,91,73.1,44,76,182.9,944,5,0,28.5
S0267,P054,2023-24,32,19,2528,9,12,112,84.6,54,71,341.1,2464,7,0,73.9
S0268,P055,2019-20,38,34,3192,20,3,51,82.9,5,79,374.4,2660,11,0,93.3
S0269,P055,2020-21,25,22,1250,29,14,128,69.7,21,80,238.7,825,2,2,36.5
S0270,P055,2021-22,23,14,1265,19,14,183,74.6,16,108,251.5,805,9,0,37.0
S0271,P055,2022-23,31,26,1798,30,2,65,75.0,9,80,286.1,1550,12,1,52.6
S0272,P055,2023-24,37,26,2590,22,4,69,83.1,9,149,385.7,1332,2,0,75.7
S0273,P056,2019-20,20,15,1560,16,6,108,77.7,28,97,205.4,1120,1,0,45.6
S0274,P056,2020-21,20,18,1380,25,22,45,75.4,35,58,194.6,1100,5,1,40.4
S0275,P056,2021-22,31,26,1643,11,8,43,87.2,43,111,352.5,1705,1,1,48.0
S0276,P056,2022-23,18,11,1044,4,10,56,75.2,40,87,201.9,1458,1,2,30.5
S0277,P056,2023-24,33,31,2178,5,3,48,75.2,56,96,380.3,1485,12,1,63.7
S0278,P057,2019-20,18,17,936,4,8,158,81.2,40,103,172.3,1494,6,0,27.4
S0279,P057,2020-21,26,25,1638,11,11,97,86.1,17,118,287.2,1430,10,1,47.9
S0280,P057,2021-22,30,28,2280,18,4,51,76.5,23,93,300.0,2190,3,2,66.7
S0281,P057,2022-23,32,31,1632,28,14,101,80.7,46,84,377.0,2304,5,1,47.7
S0282,P057,2023-24,23,14,1403,22,10,43,86.3,32,47,265.0,1610,8,1,41.0
S0283,P058,2019-20,33,32,2112,6,10,124,75.9,49,47,376.5,1782,9,1,61.8
S0284,P058,2020-21,26,17,1586,21,13,143,83.8,37,115,248.8,2184,5,2,46.4
S0285,P058,2021-22,33,27,1947,9,18,109,76.9,46,44,320.9,1782,9,0,56.9
S0286,P058,2022-23,15,11,1245,13,22,65,84.9,36,62,177.0,900,0,0,36.4
S0287,P058,2023-24,19,16,1653,7,6,148,80.4,38,49,198.2,1558,6,2,48.3
S0288,P059,2019-20,18,12,1278,1,2,28,91.1,102,143,176.3,1080,11,2,37.4
S0289,P059,2020-21,26,22,1664,1,6,14,87.5,77,76,245.6,650,11,2,48.7
S0290,P059,2021-22,27,16,2322,4,5,30,91.4,68,141,281.2,1512,2,1,67.9
S0291,P059,2022-23,38,26,2052,2,2,25,90.1,51,165,409.4,1748,7,0,60.0
S0292,P059,2023-24,23,16,1449,0,5,13,88.4,40,66,229.2,1173,2,1,42.4
S0293,P060,2019-20,30,22,2220,3,1,20,88.4,113,143,326.9,1170,2,1,64.9
S0294,P060,2020-21,17,12,884,2,4,8,76.3,61,173,169.0,493,8,0,25.8
S0295,P060,2021-22,25,24,2200,3,0,18,91.0,61,137,280.6,875,0,0,64.3
S0296,P060,2022-23,25,24,1575,3,4,26,79.8,70,72,228.1,1500,7,0,46.1
S0297,P060,2023-24,16,9,1168,0,4,26,85.6,101,85,147.9,608,2,2,34.2
S0298,P061,2019-20,24,18,1320,0,0,0,62.3,0,45,118.6,312,1,2,38.6
S0299,P061,2020-21,32,21,2368,0,0,0,77.7,0,43,139.9,192,4,1,69.2
S0300,P061,2021-22,29,20,1914,0,0,0,65.4,0,23,124.8,232,1,2,56.0
S0301,P061,2022-23,26,19,2184,0,0,0,75.1,0,34,132.8,442,8,1,63.9
S0302,P061,2023-24,32,26,2560,0,0,0,64.7,0,39,133.1,192,8,2,74.9
S0303,P062,2019-20,31,27,2666,9,2,27,92.3,107,102,398.3,1240,3,0,78.0
S0304,P062,2020-21,19,14,988,10,6,32,93.0,130,98,237.5,874,5,2,28.9
S0305,P062,2021-22,17,12,935,6,8,40,91.1,116,138,216.8,510,12,2,27.3
S0306,P062,2022-23,34,27,2958,6,1,46,81.9,122,155,399.4,1224,1,2,86.5
S0307,P062,2023-24,18,17,1224,14,5,76,85.3,99,163,206.2,1224,7,0,35.8
S0308,P063,2019-20,20,15,1340,9,9,63,89.0,54,130,253.4,1020,11,0,39.2
S0309,P063,2020-21,16,15,1280,14,5,21,84.4,88,119,173.5,976,11,2,37.4
S0310,P063,2021-22,18,11,1152,11,7,69,90.7,84,173,202.5,630,3,1,33.7
S0311,P063,2022-23,21,18,1596,12,8,75,84.9,57,145,259.9,714,4,2,46.7
S0312,P063,2023-24,31,20,2325,13,8,76,87.4,72,104,391.4,1302,0,0,68.0
S0313,P064,2019-20,16,9,1264,2,3,13,81.3,99,124,159.9,512,10,0,37.0
S0314,P064,2020-21,22,17,1606,3,2,20,85.0,84,104,207.0,902,11,2,47.0
S0315,P064,2021-22,17,10,1156,0,2,23,88.3,67,169,162.4,663,10,0,33.8
S0316,P064,2022-23,23,18,1748,5,0,20,90.5,62,136,253.0,897,4,2,51.1
S0317,P064,2023-24,24,18,1608,3,5,19,79.3,99,98,256.6,1200,9,0,47.0
S0318,P065,2019-20,15,14,1230,28,9,122,72.8,8,111,129.9,705,10,1,36.0
S0319,P065,2020-21,23,19,1518,24,4,88,76.3,12,57,241.8,1564,6,2,44.4
S0320,P065,2021-22,25,22,1450,36,5,116,82.5,17,99,258.5,1675,11,2,42.4
S0321,P065,2022-23,21,18,1491,19,11,186,78.2,20,135,197.3,1029,2,2,43.6
S0322,P065,2023-24,32,22,1952,35,3,116,79.6,22,147,345.0,1632,10,0,57.1
S0323,P066,2019-20,22,15,1584,12,16,140,86.2,38,73,241.2,1518,1,1,46.3
S0324,P066,2020-21,16,13,1440,22,5,100,86.2,47,55,186.7,1024,8,1,42.1
S0325,P066,2021-22,28,26,1484,7,7,65,77.5,51,98,276.0,2380,2,0,43.4
S0326,P066,2022-23,30,25,2130,8,13,121,72.9,43,75,300.7,2670,2,2,62.3
S0327,P066,2023-24,20,18,1620,27,5,56,81.8,55,94,210.2,1400,6,0,47.4
S0328,P067,2019-20,16,10,1344,28,1,132,80.1,21,74,136.7,480,10,2,39.3
S0329,P067,2020-21,22,19,1408,27,5,83,69.6,21,125,203.8,748,0,1,41.2
S0330,P067,2021-22,24,21,1896,38,6,161,82.2,9,93,263.8,1464,5,0,55.4
S0331,P067,2022-23,20,12,1500,19,12,83,71.4,5,125,195.2,740,5,2,43.9
S0332,P067,2023-24,35,26,1820,21,13,186,78.0,24,56,355.4,1085,0,2,53.2
S0333,P068,2019-20,18,13,1368,1,8,36,86.2,69,106,217.5,1260,0,1,40.0
S0334,P068,2020-21,28,24,1568,4,9,58,89.1,103,186,355.5,1736,11,2,45.8
S0335,P068,2021-22,18,11,1224,1,7,32,87.9,83,186,208.2,756,5,2,35.8
S0336,P068,2022-23,28,18,1904,8,7,78,82.7,111,122,299.7,840,10,0,55.7
S0337,P068,2023-24,18,15,1548,2,1,69,86.7,62,195,193.8,792,7,1,45.3
S0338,P069,2019-20,23,14,1817,13,2,75,80.5,87,126,285.3,1150,6,2,53.1
S0339,P069,2020-21,18,16,1008,14,0,20,91.1,134,162,189.2,936,7,2,29.5
S0340,P069,2021-22,23,17,1265,5,2,27,85.2,108,114,287.7,1380,12,1,37.0
S0341,P069,2022-23,35,22,2100,11,11,23,92.8,70,93,393.7,2345,7,2,61.4
S0342,P069,2023-24,36,24,2808,6,12,42,87.9,137,192,450.6,1368,7,1,82.1
S0343,P070,2019-20,18,13,1368,0,4,25,80.3,107,158,195.5,702,10,1,40.0
S0344,P070,2020-21,31,27,2573,4,1,18,86.2,71,121,305.8,1519,2,2,75.2
S0345,P070,2021-22,34,20,1802,1,7,20,89.8,49,156,347.8,1360,5,1,52.7
S0346,P070,2022-23,16,11,1312,5,6,17,88.9,50,118,161.8,848,1,1,38.4
S0347,P070,2023-24,29,18,2030,3,0,8,81.9,44,131,300.8,870,12,2,59.4
S0348,P071,2019-20,34,24,3060,8,8,33,88.5,108,123,377.1,1122,3,1,89.5
S0349,P071,2020-21,25,22,2125,9,7,65,88.5,107,94,257.3,1100,0,1,62.1
S0350,P071,2021-22,26,25,2340,4,8,53,84.9,63,85,330.0,1586,2,2,68.4
S0351,P071,2022-23,38,24,2888,9,3,32,81.6,100,107,432.1,1596,11,1,84.4
S0352,P071,2023-24,18,11,1368,10,13,63,87.7,107,138,215.6,1116,2,1,40.0
S0353,P072,2019-20,15,13,1245,20,16,147,81.4,47,62,168.4,765,11,0,36.4
S0354,P072,2020-21,18,15,1332,22,13,104,86.1,41,117,212.2,1584,3,1,38.9
S0355,P072,2021-22,27,26,1917,17,7,57,78.6,59,105,276.7,2268,8,1,56.1
S0356,P072,2022-23,37,31,3145,9,9,119,83.4,58,84,436.7,1776,11,2,92.0
S0357,P072,2023-24,20,16,1640,23,13,130,73.8,37,111,214.0,1520,10,2,48.0
S0358,P073,2019-20,28,20,2352,16,3,106,73.7,39,58,269.7,1204,3,1,68.8
S0359,P073,2020-21,20,17,1360,7,4,128,84.5,28,109,191.6,1360,1,2,39.8
S0360,P073,2021-22,36,34,3060,26,20,89,75.8,59,76,404.4,1548,6,1,89.5
S0361,P073,2022-23,28,27,1960,4,3,135,76.0,54,96,324.1,2240,11,2,57.3
S0362,P073,2023-24,35,31,2555,20,22,65,84.4,27,77,371.8,2905,1,0,74.7
S0363,P074,2019-20,20,12,1640,4,16,75,80.9,23,60,219.2,1120,0,1,48.0
S0364,P074,2020-21,29,17,1711,13,22,46,84.4,55,118,336.6,1711,7,2,50.0
S0365,P074,2021-22,32,20,2304,25,13,107,75.5,26,106,309.5,2304,2,1,67.4
S0366,P074,2022-23,32,24,2688,14,10,153,75.4,36,82,332.9,1696,12,2,78.6
S0367,P074,2023-24,31,30,2480,27,3,54,82.7,43,70,364.6,2449,9,0,72.5
S0368,P075,2019-20,16,12,1120,12,1,44,83.3,86,83,203.7,848,8,2,32.7
S0369,P075,2020-21,29,17,2349,14,10,32,84.2,60,92,304.6,1856,8,0,68.7
S0370,P075,2021-22,35,23,1890,10,12,33,91.2,104,186,360.9,2240,11,2,55.3
S0371,P075,2022-23,28,25,1512,2,0,49,89.3,54,91,286.2,1148,12,1,44.2
S0372,P075,2023-24,32,26,1728,3,14,36,85.3,107,160,358.8,1600,0,1,50.5
S0373,P076,2019-20,36,29,2052,5,1,29,87.7,45,149,400.3,1692,8,0,60.0
S0374,P076,2020-21,24,20,1656,2,7,17,81.7,43,120,225.4,936,2,2,48.4
S0375,P076,2021-22,27,19,2268,5,2,14,86.5,87,61,280.4,1620,2,0,66.3
S0376,P076,2022-23,16,13,800,3,1,14,78.6,84,87,160.5,912,2,0,23.4
S0377,P076,2023-24,20,16,1280,2,3,8,78.1,112,169,182.7,1200,7,2,37.4
S0378,P077,2019-20,32,22,1728,0,4,8,78.4,114,122,364.1,1504,2,2,50.5
S0379,P077,2020-21,35,22,2275,4,1,11,80.4,97,102,368.9,1540,11,2,66.5
S0380,P077,2021-22,19,15,1634,2,6,10,75.1,71,160,181.5,988,4,1,47.8
S0381,P077,2022-23,19,18,1349,3,7,16,88.2,102,130,176.2,570,4,0,39.4
S0382,P077,2023-24,32,22,1984,5,1,28,76.3,42,168,328.6,832,9,2,58.0
S0383,P078,2019-20,27,18,2349,0,8,36,87.1,119,140,323.0,1053,5,1,68.7
S0384,P078,2020-21,22,19,1914,4,2,49,86.5,61,130,244.0,660,10,0,56.0
S0385,P078,2021-22,34,30,2040,2,7,30,82.3,122,164,429.0,1326,11,2,59.6
S0386,P078,2022-23,30,18,2160,12,7,34,80.8,97,109,303.9,1290,8,1,63.2
S0387,P078,2023-24,27,26,2160,14,0,22,92.7,91,93,327.0,1701,10,1,63.2
S0388,P079,2019-20,38,31,2508,21,8,88,82.5,38,115,423.1,1672,8,1,73.3
S0389,P079,2020-21,27,21,1728,14,14,102,84.7,53,40,290.4,1296,7,0,50.5
S0390,P079,2021-22,22,17,1188,11,9,59,75.0,38,117,248.5,1034,10,0,34.7
S0391,P079,2022-23,28,24,1988,18,18,101,75.4,25,122,324.3,1148,3,0,58.1
S0392,P079,2023-24,19,15,1634,7,19,45,86.3,24,47,188.4,969,8,1,47.8
S0393,P080,2019-20,34,29,2924,26,12,50,75.5,53,100,396.7,1700,3,1,85.5
S0394,P080,2020-21,34,31,2006,27,8,119,82.6,31,61,384.6,2074,7,2,58.7
S0395,P080,2021-22,33,22,1782,15,7,53,72.3,48,104,370.0,1617,9,0,52.1
S0396,P080,2022-23,20,19,1600,22,4,152,84.5,47,55,194.7,1640,2,2,46.8
S0397,P080,2023-24,32,30,1600,27,16,106,78.7,17,129,346.4,1728,12,1,46.8
S0398,P081,2019-20,27,22,1944,11,14,68,90.9,123,92,304.5,1242,7,0,56.8
S0399,P081,2020-21,17,14,1156,8,6,36,82.5,140,175,210.3,1122,8,0,33.8
S0400,P081,2021-22,31,23,1550,3,11,71,84.1,96,93,324.4,2077,4,1,45.3
S0401,P081,2022-23,32,26,2464,9,4,63,85.2,76,132,373.0,2080,7,0,72.0
S0402,P081,2023-24,26,21,2210,4,4,56,84.5,140,130,317.4,962,11,0,64.6
S0403,P085,2019-20,29,18,1740,19,15,140,77.4,50,118,326.0,2465,0,0,50.9
S0404,P085,2020-21,27,16,2430,5,7,100,86.8,42,51,260.8,1458,5,0,71.1
S0405,P085,2021-22,34,30,1768,15,22,123,80.3,60,116,327.9,3026,2,2,51.7
S0406,P085,2022-23,30,18,2340,24,19,76,75.1,53,105,323.7,1620,9,0,68.4
S0407,P085,2023-24,36,26,1872,23,3,60,73.4,32,91,373.8,2340,6,2,54.7
S0408,P086,2019-20,21,12,1743,9,2,190,72.6,22,124,196.8,987,3,2,51.0
S0409,P086,2020-21,21,20,1659,5,5,94,74.5,8,121,182.3,1008,5,0,48.5
S0410,P086,2021-22,31,29,2046,21,12,163,83.5,23,111,323.2,1581,12,1,59.8
S0411,P086,2022-23,36,34,2844,6,8,79,72.1,17,131,377.0,1584,10,2,83.2
S0412,P086,2023-24,22,16,1540,27,9,187,68.2,13,81,202.8,1210,10,2,45.0
S0413,P098,2019-20,25,20,1350,2,7,40,84.6,123,114,263.7,1050,7,2,39.5
S0414,P098,2020-21,21,18,1365,13,4,33,83.0,81,187,249.0,819,12,0,39.9
S0415,P098,2021-22,18,15,990,10,7,59,80.1,119,85,225.8,954,9,1,28.9
S0416,P098,2022-23,30,28,2580,7,2,68,91.9,85,130,320.0,1980,2,0,75.4
S0417,P098,2023-24,31,24,2387,8,0,52,84.5,137,179,326.3,1147,11,2,69.8
S0418,P099,2019-20,29,25,2030,3,9,88,81.3,35,86,319.9,1624,2,2,59.4
S0419,P099,2020-21,23,16,1495,22,13,86,74.9,42,66,242.6,2024,5,1,43.7
S0420,P099,2021-22,27,21,1809,21,7,113,83.0,21,74,310.8,2025,6,1,52.9
S0421,P099,2022-23,21,19,1239,26,7,100,84.9,26,93,225.7,1680,8,2,36.2
S0422,P099,2023-24,38,34,2660,12,11,111,85.7,18,90,370.4,1900,0,0,77.8
S0423,P100,2019-20,23,21,1840,1,7,67,84.4,96,126,268.7,1058,5,0,53.8
S0424,P100,2020-21,28,20,1596,10,9,32,87.5,133,163,325.2,1344,5,1,46.7
S0425,P100,2021-22,36,28,2952,11,7,76,81.0,128,116,410.1,1404,2,2,86.3
S0426,P100,2022-23,25,21,1900,9,6,74,91.8,60,100,275.8,1250,5,2,55.6
S0427,P100,2023-24,24,20,1608,6,4,76,85.8,96,175,282.3,1392,6,0,47.0
S0428,P101,2019-20,20,13,1020,20,11,114,83.0,27,145,174.0,800,6,0,29.8
S0429,P101,2020-21,18,17,972,35,9,63,68.4,17,117,187.4,630,1,1,28.4
S0430,P101,2021-22,34,21,2006,29,5,108,72.0,14,106,342.3,1292,8,0,58.7
S0431,P101,2022-23,15,12,780,25,14,171,75.5,22,84,148.1,570,11,2,22.8
S0432,P101,2023-24,20,16,1740,32,9,186,73.0,16,111,197.0,700,7,1,50.9
S0433,P102,2019-20,26,18,1976,12,3,40,80.4,23,84,265.6,1924,0,2,57.8
S0434,P102,2020-21,30,21,2400,27,16,142,76.7,29,40,326.1,1560,6,2,70.2
S0435,P102,2021-22,28,19,2100,25,15,146,78.1,31,50,295.6,1540,8,2,61.4
S0436,P102,2022-23,37,26,2479,26,20,143,76.3,27,48,368.4,2146,1,2,72.5
S0437,P102,2023-24,29,22,2581,25,22,102,75.0,16,59,279.1,2146,0,0,75.5
S0438,P103,2019-20,18,12,1224,11,7,66,80.1,61,99,180.8,774,5,1,35.8
S0439,P103,2020-21,24,23,1944,7,11,70,80.4,60,187,294.0,936,0,1,56.8
S0440,P103,2021-22,27,22,1458,2,3,77,90.9,98,186,271.0,1215,6,1,42.6
S0441,P103,2022-23,22,14,1144,11,12,26,86.8,76,140,245.7,1078,5,0,33.5
S0442,P103,2023-24,35,31,1820,8,8,27,83.3,131,118,370.9,1155,10,0,53.2
S0443,P104,2019-20,18,15,1170,2,0,10,88.5,114,75,179.8,720,0,0,34.2
S0444,P104,2020-21,33,28,2640,1,5,29,76.5,60,123,304.5,1518,12,2,77.2
S0445,P104,2021-22,16,11,848,1,1,9,83.3,80,131,175.5,752,12,1,24.8
S0446,P104,2022-23,38,23,2356,3,5,28,77.3,45,122,409.1,2280,4,2,68.9
S0447,P104,2023-24,37,25,2997,1,5,15,87.5,75,171,409.9,2220,2,0,87.6
S0448,P105,2019-20,31,24,1829,2,5,19,75.0,104,108,335.9,806,9,1,53.5
S0449,P105,2020-21,34,24,2210,0,6,11,83.9,103,158,352.9,1462,5,1,64.6
S0450,P105,2021-22,35,22,2450,4,1,6,89.2,56,82,391.4,1295,1,1,71.6
S0451,P105,2022-23,21,12,1176,5,6,26,83.3,119,149,220.0,588,5,0,34.4
S0452,P105,2023-24,34,20,1836,1,7,7,83.0,47,106,353.4,1734,5,2,53.7
S0453,P106,2019-20,16,11,1424,4,5,146,76.9,28,106,155.9,1376,3,2,41.6
S0454,P106,2020-21,27,18,1674,24,10,112,82.0,26,111,307.1,1782,11,0,48.9
S0455,P106,2021-22,35,26,3010,17,16,153,73.7,26,110,367.6,2135,10,0,88.0
S0456,P106,2022-23,32,24,2816,14,13,110,87.9,35,87,337.0,2560,6,2,82.3
S0457,P106,2023-24,25,17,2200,20,9,88,84.3,31,86,297.6,1700,6,0,64.3
S0458,P107,2019-20,38,37,1976,22,3,106,74.2,34,40,389.5,2052,3,1,57.8
S0459,P107,2020-21,15,14,1005,19,20,113,86.8,24,52,143.9,930,2,0,29.4
S0460,P107,2021-22,23,21,1679,10,10,72,85.0,20,113,241.5,1219,11,0,49.1
S0461,P107,2022-23,38,34,2660,8,18,145,86.4,59,113,438.9,1748,9,2,77.8
S0462,P107,2023-24,24,21,1248,21,15,50,84.5,36,84,280.8,1608,6,0,36.5
S0463,P108,2019-20,22,21,1936,10,12,60,85.0,89,147,222.7,1408,9,0,56.6
S0464,P108,2020-21,25,21,2050,2,0,63,89.5,100,137,306.5,1650,8,0,59.9
S0465,P108,2021-22,22,15,1694,6,2,28,84.4,110,153,269.2,1430,6,1,49.5
S0466,P108,2022-23,17,13,1275,12,11,28,89.9,111,151,180.1,935,10,2,37.3
S0467,P108,2023-24,21,17,1785,11,8,35,83.2,84,179,237.1,1386,1,0,52.2
S0468,P109,2019-20,36,27,2736,2,3,15,80.9,43,158,351.4,1692,9,1,80.0
S0469,P109,2020-21,34,26,2006,1,3,26,81.4,50,74,368.9,1360,9,0,58.7
S0470,P109,2021-22,24,17,1200,0,4,19,83.0,82,86,260.4,912,3,2,35.1
S0471,P109,2022-23,31,25,2046,4,2,27,86.9,42,108,324.2,1798,0,1,59.8
S0472,P109,2023-24,20,14,1060,5,4,6,82.9,41,68,199.4,840,10,2,31.0
S0473,P110,2021-22,26,15,1456,5,6,12,91.7,105,150,240.5,1170,7,2,42.6
S0474,P110,2022-23,32,21,1760,4,7,22,90.7,42,65,307.8,1856,4,1,51.5
S0475,P110,2023-24,30,26,2250,0,5,26,81.0,120,98,287.7,1710,4,0,65.8
S0476,P111,2019-20,35,33,2310,14,13,21,92.3,85,108,365.9,1925,10,0,67.5
S0477,P111,2020-21,17,13,1258,10,9,75,88.1,79,133,182.3,663,6,1,36.8
S0478,P111,2021-22,34,26,2414,2,3,61,81.8,119,167,421.6,1292,4,2,70.6
S0479,P111,2022-23,37,35,3071,6,14,69,81.9,122,197,387.5,1258,8,2,89.8
S0480,P111,2023-24,38,25,2166,13,14,29,89.5,90,192,490.9,2128,4,1,63.3
S0481,P112,2019-20,38,36,3420,22,3,98,69.7,10,53,395.4,2622,9,1,100.0
S0482,P112,2020-21,34,28,2924,19,4,56,73.7,27,149,329.5,2108,9,1,85.5
S0483,P112,2021-22,37,24,2701,29,8,171,70.2,11,78,317.5,1110,4,1,79.0
S0484,P112,2022-23,22,19,1364,9,3,162,81.9,20,138,204.9,1298,3,1,39.9
S0485,P112,2023-24,27,22,1404,29,12,130,74.3,28,123,269.6,1701,10,2,41.1
S0486,P113,2019-20,16,10,1328,3,0,12,83.8,90,154,145.6,784,8,2,38.8
S0487,P113,2020-21,16,11,992,3,4,29,89.1,99,81,160.9,448,11,2,29.0
S0488,P113,2021-22,19,17,1501,3,1,28,83.5,63,159,198.8,1121,2,1,43.9
S0489,P113,2022-23,28,21,1960,1,7,23,90.2,65,172,283.8,1148,5,2,57.3
S0490,P113,2023-24,35,31,2100,0,1,8,87.0,86,70,360.8,1715,11,2,61.4
S0491,P114,2019-20,34,25,2040,3,0,29,77.9,82,132,380.1,1156,2,0,59.6
S0492,P114,2020-21,20,15,1060,2,7,14,85.6,55,175,186.6,740,0,2,31.0
S0493,P114,2021-22,23,18,1150,3,0,24,90.0,70,87,240.9,1265,7,1,33.6
S0494,P114,2022-23,29,24,1595,0,3,22,79.7,120,131,320.5,1102,0,0,46.6
S0495,P114,2023-24,19,16,1007,0,2,6,86.3,117,98,186.7,570,0,0,29.4
S0496,P115,2019-20,28,18,1708,12,22,124,83.1,53,113,321.1,1428,7,2,49.9
S0497,P115,2020-21,33,32,2409,5,12,81,77.9,39,48,376.1,2475,1,1,70.4
S0498,P115,2021-22,30,19,1740,11,13,107,78.6,28,129,300.7,1290,1,2,50.9
S0499,P115,2022-23,38,30,3420,5,18,132,83.0,60,76,401.6,2280,4,2,100.0
S0500,P115,2023-24,33,24,2937,7,22,112,79.9,55,103,354.1,1683,9,0,85.9
S0501,P116,2019-20,37,36,2516,5,2,56,75.4,30,65,382.7,1591,12,2,73.6
S0502,P116,2020-21,28,17,2128,27,9,104,68.2,11,138,257.7,952,4,1,62.2
S0503,P116,2021-22,31,22,2635,5,2,135,73.5,28,122,311.2,961,2,0,77.0
S0504,P116,2022-23,25,24,1775,35,8,59,78.3,20,69,251.7,1600,5,1,51.9
S0505,P116,2023-24,28,26,1484,24,10,130,76.9,5,76,278.4,1428,12,1,43.4
S0506,P117,2020-21,17,12,1003,0,5,44,88.1,71,153,200.9,697,9,0,29.3
S0507,P117,2021-22,24,21,1680,4,6,25,86.5,80,127,272.5,1176,3,2,49.1
S0508,P117,2022-23,24,15,1464,12,0,69,82.6,61,136,276.4,1440,8,0,42.8
S0509,P117,2023-24,21,20,1491,11,13,53,84.0,91,98,258.5,756,8,2,43.6
S0510,P118,2019-20,19,16,1197,34,7,183,69.9,14,55,194.1,1292,1,1,35.0
S0511,P118,2020-21,29,18,1508,24,1,129,78.2,11,91,261.0,1392,4,2,44.1
S0512,P118,2021-22,25,21,1950,22,3,90,72.4,5,129,247.5,900,3,2,57.0
S0513,P118,2022-23,26,18,2210,14,12,122,77.2,10,59,241.2,1326,8,1,64.6
S0514,P118,2023-24,16,9,928,8,2,148,68.9,18,100,143.2,1088,9,2,27.1
S0515,P119,2019-20,37,31,2886,4,5,72,82.6,135,183,429.2,2183,9,0,84.4
S0516,P119,2020-21,17,10,1343,4,10,61,89.2,109,140,181.8,748,2,2,39.3
S0517,P119,2021-22,23,17,1679,11,14,62,84.3,91,138,263.6,782,7,0,49.1
S0518,P119,2022-23,26,20,2080,2,4,69,84.5,123,96,299.6,1430,11,0,60.8
S0519,P119,2023-24,25,21,2125,12,4,54,86.0,125,132,267.9,1125,8,0,62.1
S0520,P120,2019-20,30,18,2220,3,13,64,87.7,105,152,370.9,1920,11,0,64.9
S0521,P120,2020-21,20,17,1080,11,9,73,86.3,125,156,227.8,1300,1,1,31.6
S0522,P120,2021-22,20,19,1380,1,9,26,88.9,126,178,249.2,1000,7,2,40.4
S0523,P120,2022-23,36,22,1908,13,2,76,87.5,131,183,360.0,1404,10,0,55.8
S0524,P120,2023-24,29,20,2436,9,9,48,82.5,137,192,317.5,1914,12,2,71.2
S0525,P121,2019-20,24,21,1848,2,1,23,75.1,105,111,266.9,1032,0,1,54.0
S0526,P121,2020-21,32,19,1696,4,5,8,89.6,43,90,322.5,1600,10,1,49.6
S0527,P121,2021-22,37,28,2738,3,3,26,77.9,57,84,384.4,1776,6,0,80.1
S0528,P121,2022-23,24,15,1392,0,0,9,87.3,102,144,242.2,792,1,0,40.7
S0529,P121,2023-24,35,33,2660,5,6,24,78.1,105,114,363.3,1855,6,1,77.8
S0530,P122,2019-20,22,16,1342,5,10,177,81.5,12,141,214.6,1232,8,2,39.2
S0531,P122,2020-21,26,25,1352,35,12,144,69.8,20,138,226.2,1638,12,1,39.5
S0532,P122,2021-22,29,18,2407,10,4,170,78.1,26,135,252.2,2030,8,2,70.4
S0533,P122,2022-23,24,14,2136,26,9,52,75.5,21,110,238.4,1224,6,1,62.5
S0534,P122,2023-24,24,16,1632,24,12,116,69.0,20,124,214.1,792,10,1,47.7
S0535,P123,2019-20,38,23,3382,36,2,82,76.1,30,85,346.9,2622,4,1,98.9
S0536,P123,2020-21,23,20,1150,16,10,88,78.5,16,72,210.5,1035,7,0,33.6
S0537,P123,2021-22,31,22,1612,10,3,89,81.4,29,102,323.2,1395,10,1,47.1
S0538,P123,2022-23,38,25,3420,27,1,117,80.1,8,56,338.9,2090,7,1,100.0
S0539,P123,2023-24,30,20,2520,29,8,117,70.3,18,51,276.7,1740,6,2,73.7
S0540,P124,2019-20,25,21,2075,0,1,78,86.9,95,188,282.4,1175,5,1,60.7
S0541,P124,2020-21,23,16,1288,9,6,49,90.1,80,173,276.4,966,8,1,37.7
S0542,P124,2021-22,36,26,2196,0,10,20,90.8,51,132,370.6,1296,10,1,64.2
S0543,P124,2022-23,26,23,1664,4,3,22,80.3,61,87,333.2,1118,9,2,48.7
S0544,P124,2023-24,18,11,1026,9,2,44,88.5,132,152,223.4,738,1,2,30.0
S0545,P125,2019-20,20,14,1320,24,5,121,79.3,32,94,224.6,1640,12,1,38.6
S0546,P125,2020-21,23,20,1380,11,4,88,78.2,18,73,273.4,1288,2,1,40.4
S0547,P125,2021-22,17,16,1377,9,22,90,74.9,46,53,167.6,1513,6,0,40.3
S0548,P125,2022-23,34,32,1904,25,11,53,72.6,19,113,384.8,3026,7,0,55.7
S0549,P125,2023-24,30,25,1770,3,4,125,78.2,24,129,309.7,1950,9,0,51.8
S0550,P126,2019-20,31,24,2511,15,5,109,75.6,39,128,357.9,2170,1,2,73.4
S0551,P126,2020-21,32,23,2304,12,15,47,82.1,56,51,333.2,1952,1,1,67.4
S0552,P126,2021-22,24,16,1488,4,15,124,75.1,59,89,281.8,1920,11,1,43.5
S0553,P126,2022-23,30,28,1650,17,9,57,72.6,16,115,302.9,1920,1,2,48.2
S0554,P126,2023-24,35,27,2415,28,17,42,72.6,18,83,401.4,1470,6,0,70.6
S0555,P127,2019-20,21,16,1743,24,20,59,83.9,29,49,201.4,1029,7,2,51.0
S0556,P127,2020-21,15,14,1200,22,4,71,83.2,23,41,149.0,645,4,0,35.1
S0557,P127,2021-22,29,19,2581,21,5,144,85.1,22,103,318.6,2291,3,0,75.5
S0558,P127,2022-23,21,15,1617,26,15,81,73.9,58,113,228.2,1260,12,0,47.3
S0559,P127,2023-24,16,10,1392,5,6,75,74.3,41,61,179.9,1200,2,1,40.7
S0560,P128,2019-20,22,13,1914,11,13,146,80.4,5,112,191.4,660,2,0,56.0
S0561,P128,2020-21,37,35,3219,31,12,171,79.1,11,68,373.7,2331,7,1,94.1
S0562,P128,2021-22,22,18,1342,7,10,96,79.5,24,61,221.5,1078,5,1,39.2
S0563,P128,2022-23,15,10,1275,12,9,74,77.9,29,119,146.5,885,12,2,37.3
S0564,P128,2023-24,36,25,2268,17,2,88,79.0,20,113,321.9,1152,0,2,66.3
S0565,P129,2019-20,26,17,1768,11,13,118,84.9,44,45,253.8,1118,8,0,51.7
S0566,P129,2020-21,20,15,1020,6,5,154,75.8,43,115,219.0,1320,3,2,29.8
S0567,P129,2021-22,36,24,2520,6,13,69,73.6,41,65,375.8,1944,1,1,73.7
S0568,P129,2022-23,33,20,2673,16,7,67,86.8,44,62,345.5,1584,7,2,78.2
S0569,P129,2023-24,21,15,1890,11,9,82,74.0,59,112,202.6,1008,1,1,55.3
S0570,P130,2019-20,29,19,2204,13,10,153,76.7,25,121,344.6,1450,9,2,64.4
S0571,P130,2020-21,22,16,1210,19,18,150,87.9,52,100,255.0,1254,0,2,35.4
S0572,P130,2021-22,28,19,1820,16,21,68,86.3,52,59,330.0,1120,6,0,53.2
S0573,P130,2022-23,16,14,1280,19,4,94,80.5,45,129,184.9,1088,7,0,37.4
S0574,P130,2023-24,17,15,1445,25,16,67,74.1,33,70,189.0,765,0,1,42.3
S0575,P131,2019-20,36,23,2484,17,21,135,81.3,44,99,411.5,3060,6,0,72.6
S0576,P131,2020-21,26,20,2340,23,3,150,82.0,39,128,268.6,1092,4,1,68.4
S0577,P131,2021-22,23,18,2047,28,9,140,83.0,54,82,260.8,989,8,2,59.9
S0578,P131,2022-23,26,16,1378,14,17,119,72.7,38,62,289.1,2210,1,2,40.3
S0579,P131,2023-24,37,24,2331,13,10,109,73.8,45,114,432.1,3108,3,2,68.2
S0580,P132,2019-20,22,16,1540,2,6,13,75.9,87,104,222.9,1254,8,0,45.0
S0581,P132,2020-21,30,26,2520,4,4,19,85.6,48,84,336.9,1620,1,0,73.7
S0582,P132,2021-22,27,19,1647,0,1,10,79.7,58,123,253.2,1026,8,2,48.2
S0583,P132,2022-23,15,11,1020,5,2,20,80.9,96,154,159.2,645,3,0,29.8
S0584,P132,2023-24,15,14,960,4,5,18,84.8,81,122,157.3,870,8,1,28.1
S0585,P133,2019-20,29,23,2001,2,2,30,79.4,101,107,331.4,812,2,1,58.5
S0586,P133,2020-21,24,23,1896,4,2,27,84.1,63,82,266.4,816,2,0,55.4
S0587,P133,2021-22,18,17,936,4,2,19,79.4,63,86,187.3,486,10,1,27.4
S0588,P133,2022-23,26,19,1534,4,2,22,80.1,43,111,294.5,884,7,1,44.9
S0589,P133,2023-24,19,18,950,4,5,25,87.0,100,174,184.8,646,12,2,27.8
S0590,P134,2019-20,38,27,2964,12,12,172,82.4,9,136,375.3,1862,0,1,86.7
S0591,P134,2020-21,34,26,2176,10,6,64,77.7,11,124,333.7,1598,3,0,63.6
S0592,P134,2021-22,17,15,1428,10,9,150,71.1,15,127,170.2,561,10,1,41.8
S0593,P134,2022-23,27,23,1593,32,6,148,74.0,14,94,253.2,1566,8,0,46.6
S0594,P134,2023-24,21,18,1638,31,13,163,72.6,30,143,229.4,1197,11,1,47.9
S0595,P135,2019-20,19,15,1653,7,9,78,79.6,48,82,183.6,1463,12,1,48.3
S0596,P135,2020-21,17,12,850,11,16,62,80.9,60,112,193.6,816,3,0,24.9
S0597,P135,2021-22,27,22,1836,4,12,146,81.4,46,111,306.4,1458,0,0,53.7
S0598,P135,2022-23,19,13,1254,23,18,55,82.5,33,93,189.0,1596,10,0,36.7
S0599,P135,2023-24,15,13,855,18,5,116,83.9,52,101,163.7,840,10,2,25.0
S0600,P136,2019-20,30,22,1710,5,0,13,77.8,47,78,294.0,990,5,0,50.0
S0601,P136,2020-21,16,11,1072,5,5,6,79.9,107,141,181.5,912,3,2,31.3
S0602,P136,2021-22,20,16,1120,1,5,15,89.1,78,94,214.3,960,1,2,32.7
S0603,P136,2022-23,33,30,2376,0,2,21,79.8,102,112,325.1,1155,1,0,69.5
S0604,P136,2023-24,19,13,1558,1,1,18,82.8,49,74,209.9,494,7,1,45.6
S0605,P137,2019-20,24,15,1752,0,0,0,68.8,0,58,121.1,360,2,2,51.2
S0606,P137,2020-21,24,21,1224,0,0,0,62.4,0,28,137.1,216,11,0,35.8
S0607,P137,2021-22,24,16,1392,0,0,0,79.6,0,47,129.2,192,1,0,40.7
S0608,P137,2022-23,30,18,2310,0,0,0,62.2,0,52,155.6,600,1,1,67.5
S0609,P137,2023-24,16,11,864,0,0,0,60.2,0,26,89.0,176,9,0,25.3
S0610,P138,2019-20,20,12,1440,7,11,114,77.6,25,104,229.0,1580,3,2,42.1
S0611,P138,2020-21,33,21,1782,21,3,107,75.5,27,76,327.7,2904,8,0,52.1
S0612,P138,2021-22,38,36,2128,19,18,86,83.2,26,96,425.0,1748,2,1,62.2
S0613,P138,2022-23,27,18,2079,10,16,54,84.2,35,55,287.9,1971,2,1,60.8
S0614,P138,2023-24,26,21,1768,4,5,81,79.9,39,76,276.7,2262,4,2,51.7
S0615,P139,2019-20,29,23,1856,4,13,47,82.5,58,194,363.2,1740,10,1,54.3
S0616,P139,2020-21,20,19,1000,7,10,26,85.2,116,164,240.6,740,2,1,29.2
S0617,P139,2021-22,27,26,2349,11,14,77,92.7,58,126,349.0,1377,3,2,68.7
S0618,P139,2022-23,27,18,1539,6,11,51,83.6,124,155,292.1,1485,5,1,45.0
S0619,P139,2023-24,36,35,3168,7,8,37,81.9,108,93,373.2,2196,7,0,92.6
S0620,P140,2019-20,35,21,2030,5,0,7,83.5,43,82,348.5,1575,2,1,59.4
S0621,P140,2020-21,34,21,3026,0,7,30,82.9,77,144,348.3,1938,4,2,88.5
S0622,P140,2021-22,25,20,2100,0,6,8,81.5,80,169,248.5,1350,0,0,61.4
S0623,P140,2022-23,20,17,1700,2,2,20,82.3,79,151,199.5,640,9,2,49.7
S0624,P140,2023-24,30,26,2550,4,7,20,84.6,60,124,274.2,1230,7,2,74.6
S0625,P141,2019-20,27,23,2403,2,5,6,75.5,45,76,299.5,1269,12,2,70.3
S0626,P141,2020-21,33,29,1683,5,5,17,76.7,84,105,331.0,924,10,0,49.2
S0627,P141,2021-22,22,18,1430,4,1,27,76.1,79,74,216.6,572,8,1,41.8
S0628,P141,2022-23,16,13,1264,3,6,13,75.3,100,135,144.9,720,6,2,37.0
S0629,P141,2023-24,27,22,1890,3,1,27,86.5,83,123,276.9,1242,2,2,55.3
S0630,P142,2019-20,24,23,1752,0,0,0,64.0,0,60,136.7,168,8,0,51.2
S0631,P142,2020-21,24,14,1584,0,0,0,79.9,0,45,134.6,168,11,2,46.3
S0632,P142,2021-22,18,13,1566,0,0,0,61.3,0,53,89.1,198,5,0,45.8
S0633,P142,2022-23,35,28,2415,0,0,0,66.0,0,54,161.9,630,6,1,70.6
S0634,P142,2023-24,34,26,2788,0,0,0,75.3,0,31,195.9,340,9,1,81.5
S0635,P143,2019-20,21,14,1659,10,8,71,88.0,105,199,245.7,1470,0,2,48.5
S0636,P143,2020-21,21,16,1533,3,2,67,88.9,88,188,237.4,1050,1,2,44.8
S0637,P143,2021-22,21,14,1596,4,10,30,83.3,126,110,235.6,777,2,0,46.7
S0638,P143,2022-23,15,13,975,4,7,51,87.3,105,134,179.1,480,3,0,28.5
S0639,P143,2023-24,23,14,1334,12,12,37,88.6,72,162,288.8,1403,12,0,39.0
S0640,P144,2019-20,16,11,880,4,13,24,91.7,102,194,177.4,560,6,2,25.7
S0641,P144,2020-21,19,12,1235,11,8,79,81.6,135,186,223.1,1197,4,1,36.1
S0642,P144,2021-22,17,14,1105,12,12,40,84.3,124,174,189.9,765,6,0,32.3
S0643,P144,2022-23,19,12,1064,4,7,46,83.3,125,87,218.0,1007,11,0,31.1
S0644,P144,2023-24,25,19,2100,10,3,37,91.4,68,126,285.6,1325,4,0,61.4
S0645,P145,2019-20,35,21,3080,11,10,71,92.2,138,197,432.8,1575,4,2,90.1
S0646,P145,2020-21,27,23,1863,11,5,77,90.6,65,148,340.2,1566,6,0,54.5
S0647,P145,2021-22,27,19,1782,14,13,68,83.1,76,190,342.1,1566,10,1,52.1
S0648,P145,2022-23,35,32,2660,4,13,25,90.7,112,140,427.4,1785,11,1,77.8
S0649,P145,2023-24,18,15,1080,8,1,42,85.5,120,174,197.6,558,12,0,31.6
S0650,P146,2019-20,35,29,2135,12,10,28,80.0,75,160,382.1,2310,1,0,62.4
S0651,P146,2020-21,20,16,1300,12,13,61,89.9,126,167,224.6,1000,7,1,38.0
S0652,P146,2021-22,38,26,2204,10,9,72,84.3,86,105,389.6,2014,2,1,64.4
S0653,P146,2022-23,27,18,2322,0,14,55,88.4,130,109,343.5,1593,3,1,67.9
S0654,P146,2023-24,37,22,2220,9,6,58,83.4,61,127,388.9,2442,1,0,64.9
S0655,P147,2019-20,37,28,3071,3,7,8,78.8,66,84,420.5,1554,4,2,89.8
S0656,P147,2020-21,30,19,2220,1,3,14,87.4,64,113,283.5,1020,0,1,64.9
S0657,P147,2021-22,23,19,1495,1,5,23,86.6,98,70,207.6,759,5,2,43.7
S0658,P147,2022-23,27,23,1701,5,6,28,85.2,49,72,280.6,756,5,0,49.7
S0659,P147,2023-24,30,29,2160,5,0,5,79.3,119,108,292.7,1500,10,1,63.2
S0660,P148,2019-20,19,11,1615,1,4,10,83.6,83,172,193.2,570,5,2,47.2
S0661,P148,2020-21,31,20,2387,0,5,6,91.6,103,171,354.4,1302,11,1,69.8
S0662,P148,2021-22,28,26,1904,2,4,21,80.3,61,100,303.6,1568,12,0,55.7
S0663,P148,2022-23,32,29,2880,0,3,9,75.9,63,64,325.6,1120,11,1,84.2
S0664,P148,2023-24,28,27,1596,3,0,19,81.1,111,122,284.0,896,11,0,46.7
S0665,P149,2019-20,18,11,1296,2,2,10,87.7,74,132,202.1,684,9,0,37.9
S0666,P149,2020-21,31,20,2666,0,3,29,83.5,52,173,304.5,1333,10,2,78.0
S0667,P149,2021-22,18,13,1350,0,5,9,75.5,98,166,193.8,990,7,2,39.5
S0668,P149,2022-23,23,19,2024,2,0,25,85.6,97,101,261.5,759,3,0,59.2
S0669,P149,2023-24,35,25,2380,0,1,22,91.2,88,71,349.9,1260,3,1,69.6
S0670,P150,2019-20,17,15,867,0,0,0,63.3,0,45,77.7,153,1,1,25.4
S0671,P150,2020-21,30,26,2310,0,0,0,78.4,0,58,127.9,240,5,2,67.5
S0672,P150,2021-22,21,16,1701,0,0,0,67.8,0,37,107.6,378,1,1,49.7
S0673,P150,2022-23,26,17,2314,0,0,0,72.6,0,25,106.1,390,7,2,67.7
S0674,P150,2023-24,22,21,1298,0,0,0,70.5,0,53,91.7,418,6,0,38.0
S0675,P151,2019-20,30,19,2070,1,4,12,83.9,77,132,273.6,870,0,2,60.5
S0676,P151,2020-21,18,13,1476,0,7,26,87.2,72,105,173.5,540,12,2,43.2
S0677,P151,2021-22,15,13,855,3,2,30,78.1,90,65,138.1,660,5,2,25.0
S0678,P151,2022-23,38,34,3002,3,4,15,91.4,63,87,359.6,1558,10,0,87.8
S0679,P151,2023-24,28,17,2352,3,1,5,77.9,101,118,300.4,1568,4,2,68.8
S0680,P152,2019-20,34,29,2482,11,10,45,90.5,61,96,353.8,1428,1,0,72.6
S0681,P152,2020-21,37,34,2294,3,7,61,81.9,80,135,463.5,2368,3,0,67.1
S0682,P152,2021-22,24,15,1896,6,0,27,82.2,69,174,290.6,1464,7,0,55.4
S0683,P152,2022-23,29,20,2523,4,9,73,90.8,56,122,290.7,2030,11,1,73.8
S0684,P152,2023-24,28,25,2268,9,11,55,93.0,54,142,313.6,1736,9,2,66.3
S0685,P153,2019-20,34,23,2754,4,19,42,78.8,35,110,328.4,2754,6,1,80.5
S0686,P153,2020-21,18,15,1458,23,14,97,83.2,16,60,184.0,936,7,1,42.6
S0687,P153,2021-22,29,23,1856,21,13,157,81.6,60,124,309.5,1682,11,2,54.3
S0688,P153,2022-23,27,25,2052,24,14,141,79.6,25,119,270.5,2268,11,0,60.0
S0689,P153,2023-24,36,23,2880,9,8,117,79.9,41,103,369.3,1908,8,0,84.2
S0690,P154,2019-20,15,14,1080,5,10,30,82.3,114,84,186.3,765,6,0,31.6
S0691,P154,2020-21,34,22,2176,3,7,36,92.9,95,178,344.8,2210,4,0,63.6
S0692,P154,2021-22,37,31,3034,1,11,23,92.0,106,182,420.7,1369,1,2,88.7
S0693,P154,2022-23,34,31,1904,0,8,26,82.2,65,191,360.9,1802,2,2,55.7
S0694,P154,2023-24,24,21,1872,7,11,75,81.3,132,126,264.1,912,1,0,54.7
S0695,P155,2019-20,29,26,2204,0,0,0,60.1,0,50,135.8,290,1,1,64.4
S0696,P155,2020-21,26,19,1976,0,0,0,73.3,0,29,143.2,468,12,0,57.8
S0697,P155,2021-22,19,14,1463,0,0,0,68.2,0,49,112.2,304,0,1,42.8
S0698,P155,2022-23,19,16,950,0,0,0,70.3,0,24,79.2,285,6,0,27.8
S0699,P155,2023-24,28,21,1484,0,0,0,60.7,0,29,162.5,168,10,2,43.4
S0700,P156,2019-20,36,35,2988,6,6,76,88.9,120,191,392.9,1800,5,0,87.4
S0701,P156,2020-21,23,19,1909,2,11,45,85.8,76,193,267.6,1587,10,1,55.8
S0702,P156,2021-22,37,35,2664,12,10,45,90.1,88,90,374.1,1887,6,2,77.9
S0703,P156,2022-23,38,30,2204,8,4,33,81.2,120,119,439.4,2660,2,0,64.4
S0704,P156,2023-24,15,12,1260,3,13,69,84.0,104,144,155.0,495,5,1,36.8
S0705,P157,2019-20,35,25,2870,4,6,97,76.8,15,98,362.2,1925,12,2,83.9
S0706,P157,2020-21,33,29,2838,23,20,148,81.5,37,78,337.0,2970,11,2,83.0
S0707,P157,2021-22,36,31,2088,19,10,53,77.2,52,64,416.1,2268,7,0,61.1
S0708,P157,2022-23,19,17,1463,5,5,47,78.8,23,100,190.7,836,5,2,42.8
S0709,P157,2023-24,31,25,2325,19,15,151,76.2,46,121,327.3,2108,11,1,68.0
S0710,P158,2019-20,38,35,2888,2,8,28,86.3,108,96,490.4,2356,8,0,84.4
S0711,P158,2020-21,37,28,2331,0,11,30,92.3,97,197,475.7,2516,6,0,68.2
S0712,P158,2021-22,18,14,1314,0,8,29,81.5,89,127,196.4,1098,0,0,38.4
S0713,P158,2022-23,19,14,1653,14,14,39,91.6,77,103,236.7,1159,0,0,48.3
S0714,P158,2023-24,32,20,2304,0,6,50,87.4,122,137,406.4,1728,7,2,67.4
S0715,P159,2019-20,34,30,1972,37,11,167,80.2,26,107,301.7,1700,1,2,57.7
S0716,P159,2020-21,36,27,3204,19,7,136,76.7,26,106,372.2,1260,2,2,93.7
S0717,P159,2021-22,15,12,1290,24,9,81,78.3,7,74,163.3,960,9,0,37.7
S0718,P159,2022-23,33,22,2739,35,9,54,69.9,22,73,359.9,1551,12,0,80.1
S0719,P159,2023-24,22,17,1914,25,7,61,75.9,5,93,211.0,1232,0,2,56.0
S0720,P160,2019-20,25,17,1850,12,2,188,70.7,9,73,228.5,875,2,1,54.1
S0721,P160,2020-21,28,17,1680,25,3,56,79.4,14,99,244.9,1092,6,1,49.1
S0722,P160,2021-22,23,22,1702,12,1,101,71.8,24,125,209.1,1426,12,2,49.8
S0723,P160,2022-23,27,19,1539,25,8,154,69.0,5,102,272.3,837,4,2,45.0
S0724,P160,2023-24,33,23,1848,13,5,154,75.1,25,114,297.3,1287,5,2,54.0
S0725,P161,2019-20,20,16,1300,3,7,6,75.0,99,166,211.0,700,0,0,38.0
S0726,P161,2020-21,30,25,2010,5,6,16,89.3,67,134,333.1,1290,0,0,58.8
S0727,P161,2021-22,38,31,3192,2,1,17,86.9,57,152,394.9,1596,6,0,93.3
S0728,P161,2022-23,34,33,2788,2,5,25,79.4,97,94,326.9,1530,5,0,81.5
S0729,P161,2023-24,29,21,2552,5,2,25,90.7,117,120,261.3,725,10,0,74.6
S0730,P162,2019-20,28,26,2380,36,13,150,76.6,30,133,283.6,1792,0,2,69.6
S0731,P162,2020-21,29,21,1653,29,14,141,74.2,29,139,317.8,1073,7,1,48.3
S0732,P162,2021-22,21,12,1638,6,13,121,78.9,27,95,188.6,1449,10,1,47.9
S0733,P162,2022-23,37,25,2368,36,6,59,72.5,27,140,370.6,1110,3,2,69.2
S0734,P162,2023-24,27,25,1539,37,8,93,76.8,26,144,267.7,1836,9,0,45.0
S0735,P163,2019-20,17,11,1479,0,0,0,61.3,0,36,99.7,204,8,2,43.2
S0736,P163,2020-21,23,21,1426,0,0,0,60.5,0,54,120.3,437,0,1,41.7
S0737,P163,2021-22,35,32,1855,0,0,0,66.5,0,46,159.2,665,7,1,54.2
S0738,P163,2022-23,31,29,1612,0,0,0,64.5,0,37,180.9,589,5,0,47.1
S0739,P163,2023-24,27,19,1674,0,0,0,77.6,0,21,161.5,324,11,1,48.9
S0740,P164,2019-20,17,11,1105,2,4,7,85.6,52,63,173.4,442,9,2,32.3
S0741,P164,2020-21,25,17,1650,3,3,15,89.2,82,126,274.6,725,12,2,48.2
S0742,P164,2021-22,34,30,2652,5,7,23,77.1,47,177,308.8,1530,11,0,77.5
S0743,P164,2022-23,19,18,1007,3,0,14,85.4,95,68,175.8,532,8,0,29.4
S0744,P164,2023-24,24,18,1776,4,6,12,89.7,119,61,243.2,1296,12,1,51.9
S0745,P165,2019-20,34,21,3026,10,10,70,80.3,116,122,400.0,1224,1,0,88.5
S0746,P165,2020-21,34,28,1836,13,3,77,87.5,131,145,366.1,1904,7,2,53.7
S0747,P165,2021-22,34,22,2652,2,12,22,80.8,89,154,384.5,1768,4,2,77.5
S0748,P165,2022-23,32,21,1888,4,9,41,83.8,51,146,376.3,1248,0,0,55.2
S0749,P165,2023-24,31,29,2635,6,5,32,92.7,131,196,328.7,1054,5,0,77.0
S0750,P166,2019-20,36,31,2880,3,5,23,84.6,82,138,351.0,1656,2,0,84.2
S0751,P166,2020-21,29,23,1508,0,3,27,78.9,119,87,278.3,1334,12,2,44.1
S0752,P166,2021-22,27,20,1701,0,5,5,76.3,43,131,250.8,1161,7,0,49.7
S0753,P166,2022-23,35,33,3045,2,0,5,78.4,76,82,334.2,1435,11,0,89.0
S0754,P166,2023-24,25,17,2125,1,0,10,89.3,52,62,277.0,825,6,2,62.1
S0755,P167,2019-20,18,17,1278,24,8,111,73.9,16,134,160.7,1134,12,2,37.4
S0756,P167,2020-21,28,18,1512,13,13,98,71.1,17,138,264.2,1904,6,2,44.2
S0757,P167,2021-22,22,19,1144,17,14,187,72.7,9,91,200.6,1540,12,1,33.5
S0758,P167,2022-23,19,18,1558,36,4,70,80.6,30,134,190.7,760,8,1,45.6
S0759,P167,2023-24,35,26,2870,38,8,95,73.1,16,117,358.3,2135,7,1,83.9
S0760,P168,2019-20,33,28,2475,12,9,61,80.5,78,194,350.1,1485,6,0,72.4
S0761,P168,2020-21,24,22,1848,9,2,79,91.0,82,150,246.1,840,4,1,54.0
S0762,P168,2021-22,31,21,2232,0,7,52,88.1,104,137,353.5,1736,5,1,65.3
S0763,P168,2022-23,25,18,1675,2,7,34,83.5,59,125,317.6,1200,8,2,49.0
S0764,P168,2023-24,32,29,1760,14,3,26,81.5,96,84,372.4,1632,3,2,51.5
S0765,P169,2019-20,25,18,1650,27,11,64,83.3,23,109,294.5,1000,12,1,48.2
S0766,P169,2020-21,24,21,1728,15,15,145,81.3,56,41,256.3,1728,12,0,50.5
S0767,P169,2021-22,27,18,1728,26,9,100,75.7,52,110,307.6,2322,7,1,50.5
S0768,P169,2022-23,17,15,1190,16,16,66,79.0,50,43,177.4,1292,2,1,34.8
S0769,P169,2023-24,38,30,1900,24,14,83,75.6,42,127,432.5,3344,12,2,55.6
S0770,P170,2019-20,32,23,2208,6,10,58,82.8,9,92,317.5,2176,9,2,64.6
S0771,P170,2020-21,27,18,1998,30,2,186,74.2,20,63,251.7,1566,10,1,58.4
S0772,P170,2021-22,17,10,1020,16,1,175,68.4,11,58,183.2,918,4,0,29.8
S0773,P170,2022-23,22,19,1496,9,8,64,73.9,5,71,205.0,1232,6,0,43.7
S0774,P170,2023-24,18,14,1044,35,12,67,74.2,11,66,192.2,882,6,2,30.5
S0775,P171,2019-20,36,23,2880,21,12,115,75.2,60,127,383.3,1872,0,0,84.2
S0776,P171,2020-21,29,26,1566,22,10,107,77.3,51,102,308.9,2204,0,2,45.8
S0777,P171,2021-22,17,14,1156,17,14,129,85.5,34,90,187.6,867,6,0,33.8
S0778,P171,2022-23,20,17,1780,17,15,156,82.5,59,112,194.8,1680,0,0,52.0
S0779,P171,2023-24,20,19,1340,20,12,125,86.7,59,67,235.4,1320,12,2,39.2
S0780,P172,2019-20,18,11,1314,1,8,69,90.1,102,137,188.9,774,8,0,38.4
S0781,P172,2020-21,29,18,1479,11,10,67,86.0,93,175,324.7,1218,6,0,43.2
S0782,P172,2021-22,15,9,990,14,2,40,88.7,109,142,170.8,525,8,2,28.9
S0783,P172,2022-23,22,14,1716,13,4,73,82.1,52,157,226.6,1056,1,2,50.2
S0784,P172,2023-24,38,25,2850,10,12,20,88.8,69,136,420.8,1634,11,0,83.3
S0785,P173,2019-20,36,24,3024,5,0,25,88.8,53,109,386.1,1908,0,2,88.4
S0786,P173,2020-21,15,13,795,1,3,16,90.4,65,71,135.6,390,0,1,23.2
S0787,P173,2021-22,21,14,1134,0,2,28,77.8,93,125,194.7,945,5,2,33.2
S0788,P173,2022-23,35,29,2170,4,6,18,77.1,67,73,346.2,1260,0,1,63.5
S0789,P173,2023-24,35,21,2450,1,7,12,76.1,75,143,369.6,945,1,0,71.6
S0790,P174,2019-20,28,25,1932,3,1,27,84.1,112,81,269.6,868,9,1,56.5
S0791,P174,2020-21,35,30,2590,5,2,15,78.0,80,168,373.3,1015,5,0,75.7
S0792,P174,2021-22,34,26,2958,4,3,21,85.0,41,89,307.8,1088,4,0,86.5
S0793,P174,2022-23,38,34,2926,4,1,6,77.3,103,97,361.2,1862,3,2,85.6
S0794,P174,2023-24,16,15,1040,4,7,28,89.9,57,95,156.7,432,8,1,30.4
S0795,P175,2019-20,35,31,2380,0,0,0,64.6,0,41,164.0,385,8,0,69.6
S0796,P175,2020-21,36,33,2340,0,0,0,73.9,0,34,187.8,612,8,1,68.4
S0797,P175,2021-22,20,17,1560,0,0,0,61.3,0,51,82.8,220,0,2,45.6
S0798,P175,2022-23,19,12,1197,0,0,0,63.5,0,55,107.6,209,3,2,35.0
S0799,P175,2023-24,17,15,1309,0,0,0,66.2,0,32,76.3,170,9,0,38.3
S0800,P176,2019-20,24,19,1632,23,9,74,85.8,45,50,285.1,1512,6,1,47.7
S0801,P176,2020-21,20,15,1600,19,22,134,78.9,24,101,191.0,1280,6,0,46.8
S0802,P176,2021-22,24,19,2112,20,8,72,78.1,34,98,245.0,1800,9,1,61.8
S0803,P176,2022-23,17,11,1207,18,9,59,86.7,15,41,198.1,1462,11,1,35.3
S0804,P176,2023-24,30,29,2250,15,14,89,79.8,56,115,290.3,1260,1,1,65.8
